Accounting,American Accounting Association,,http://aaahq.org,,
Accounting,Rutgers Accounting Web,,http://accounting.rutgers.edu,,
Accounting,AICPA,,http://www.aicpa.org,,
Accounting,FASB,Includes full-text of FASB statements and interpretations,http://www.fasb.org,"The SSRN eLibrary consists of two parts: an Abstract Database containing abstracts on 436,900+ working papers and an Electronic Paper Collection with 351,300+ downloadable full-text documents. Also includes papers from Fee Based Partner Publications.",#NAME?
Accounting,IFRS Foundation & the IASB,,http://www.ifrs.org/,,
Accounting,Country and Regional Accounting Standards Update,,http://www.iasplus.com/en/jurisdictions,,
Accounting,IRS Tax Statistics,,http://www.irs.gov/uac/Tax-Stats-2,,
Accounting,Accounting Research Network,SSRN,http://www.ssrn.com/arn,,
Accounting:Taxation,Tax and Accounting Sites Directory,(Academic Focus),http://www.taxsites.com,,
Advertising,AdAge China,,http://adage.com/china,,
Advertising,Superbowl Ads,,http://superbowl-ads.com,,
Advertising,American Advertising Federation,,http://www.aaf.org,,
Advertising,Advertising Age,,http://www.adage.com,,
Advertising,Adforum.com,"A portal to the advertising, marketing and communications industry, with direct links to 19,171 agencies in 137 countries",http://www.adforum.com,,
Advertising,Interactive Advertising Bureau,Includes guidelines and best practices,http://www.iab.net,,
Advertising,Gallery of Graphic Design,"A collection of images of advertisements placed in popular consumer magazines, 1932-1969",http://graphic-design.tjs-labs.com,,
Advertising,Legacy Tobacco Documents Library,,http://legacy.library.ucsf.edu,,
Advertising,Ad*Access,"Images and accompanying information for over 7,000 advertisements printed in U.S. and Canadian newspapers, 1911-1955",http://scriptorium.lib.duke.edu/adaccess,,
Advertising,The Emergence of Advertising in America,"Over 9,000 images and information covering 1850-1920",http://scriptorium.lib.duke.edu/eaa,,
Advertising,Adflip.com,"An archive of classic print ads, 1940-2001",http://www.adflip.com,,
Advertising,The Advertising Archives,"A taste of old adverts, nostalgic illustrations, classic posters and vintage magazines, from the start of the Victorian era to early years of the 21st century",http://www.advertisingarchives.co.uk/gallery_indexpage.php,,
Agriculture,"USDA Economics, Statistics and Market Information System (ESMIS)",,http://usda.mannlib.cornell.edu/MannUsda/homepage.do,,
Agriculture,National Agricultural Library,,http://www.nal.usda.gov/,,
Agriculture,National Agricultural Statistics Service,U.S. Dept. of Agriculture,http://www.nass.usda.gov/,,
Agriculture,Agriculture Network Info Center,,http://www.agnic.org/,,
Agriculture,Eldis: Agricultural and Food,,http://www.eldis.org/go/topics/resource-guides/agriculture-and-food,,
Agriculture,USDA Economic Research Service,,http://www.ers.usda.gov/,,
Agriculture,UN Food and Agriculture Site,,http://www.fao.org/,,
Agriculture,FASonline,,http://www.fas.usda.gov/,,
Apparel,U.S. Department of Commerce Office of Textiles and Apparel,,http://otexa.ita.doc.gov,,
Apparel,Infomat.com,,http://www.infomat.com,,
Apparel,The New York Times: Apparel & Accessories,,http://markets.on.nytimes.com/research/markets/usmarkets/industry.asp,,
Associations,Professional Associations,,http://dir.yahoo.com/business_and_economy/organizations/professional,,
Associations,NIRA's World Directory of Think Tanks,,http://www.nira.or.jp/english/nwdtt/nwdtt.html,,
Associations,American Society of Association Executives,,http://www.asaenet.org,,
Associations:National Economies,Union of International Associations: Link Directory,,http://www.uia.org/links,,
Automotive,Ward's Auto: Data Center,,http://wardsauto.com/data-center,,
Automotive,European Automobile Manufacturers Association: Statistics,,http://www.acea.be/collection/statistics,,
Automotive,Auto News: Data Center,,http://www.autonews.com/section/datacenter,,
Automotive,Edmonds - True Cost to Own Calculator,,http://www.edmunds.com/tco.html,,
Automotive,OICA,Organization of Motor Vehicle Manufacturers ,http://www.oica.net,,
Banking,FRASER,Federal Reserve Archival System for Economic Research,http://fraser.stlouisfed.org/topics/?tid=21,,
Banking,American Bankers Association,,http://www.aba.com,,
Banking,Bank for International Settlements: Statistics,,http://www.bis.org/statistics,,
Banking,Online Credit Union Analytics System,,http://www.cudata.com/page.php?id=8,,
Banking,Credit Union Times,,http://www.cutimes.com,,
Banking,FannieMae,,http://www.fanniemae.com,,
Banking,FDIC,,http://www.fdic.gov/quicklinks/analysts.html,,
Banking,Federal Reserve Board,,http://www.federalreserve.gov,,
Banking,National Information Center (NIC),,http://www.ffiec.gov/nicpubweb/nicweb/nichome.aspx,,
Banking,Treasury Bulletin,,http://www.fms.treas.gov/bulletin,,
Banking,FreddieMac,,http://www.freddiemac.com,,
Banking,GinnieMae,,http://www.ginniemae.gov,,
Banking,National Association of Mortgage Brokers,,http://www.namb.org,,
Banking,National Credit Union Administration: Credit Union Data and Applications,,http://www.ncua.gov/DataApps/Pages/default.aspx,,
Banking,World Council of Credit Unions,,http://www.woccu.org,,
Banking,World Bank,Stanford users: use World Bank e-Library http://www.gsb.stanford.edu/library/articles/databases/links/world_bank.html,http://www.worldbank.org,,
Banking,Banking Competitive Analysis,,http://cassidi.stlouisfed.org,,
Banking,Central Bank Websites,,http://www.bis.org/cbanks.htm,,
Banking:Financial Markets,SIFMA: Statistics,,http://www.sifma.org/research/statistics.aspx,,
Banking:Statistics,Central Banks on the WWW,,http://www.bis.org/cbanks.htm,,
Bankruptcy,BankruptcyData.com,,http://bankruptcydata.com,,
Bankruptcy,Web BRD: A Window on the World of Big-Case Bankruptcy,,http://lopucki.law.ucla.edu,,
Bankruptcy,American Bankruptcy Institute,,http://www.abiworld.org,,
Bankruptcy,U.S. Trustee Program: Bankruptcy Data & Statistics ,, http://www.justice.gov/ust/eo/public_affairs/data_files ,,
Bankruptcy,U.S. Courts: Bankruptcy Statistics,,http://www.uscourts.gov/Statistics/BankruptcyStatistics.aspx,,
Beverages,American Beverage Association,,http://www.ameribev.org/,,
Beverages,Beer Institute (U.S.),,http://www.beerinstitute.org,,
Beverages,BEVNET,,http://www.bevnet.com,,
Beverages,Brewers Association,,http://www.brewersassociation.org,,
Beverages,Breweryage.com,,http://www.breweryage.com,,
Beverages,International Coffee Organization: Statistics,,http://www.ico.org/coffee_prices.asp,,
Beverages,Sonoma County Wine Library,,http://www.sonomalibrary.org/wine,,
Beverages,Wine Institute,,http://www.wineinstitute.org,,
Beverages,Winery Exchange,,http://www.wineryexchange.com,,
Biographies,The Hall of Business ,Academy of Achievement,http://www.achievement.org/autodoc/halls/bus,,
Biographies,American National Business Hall of Fame,,http://www.anbhf.org,,
Biographies,Twentieth Century Great American Business Leaders,Harvard Business School,http://www.hbs.edu/leadership/database,,
Biographies,Business Leaders ,content from Columbia Electronic Encyclopedia,http://www.infoplease.com/encyclopedia/1busbio.html,,
Biographies,Economics: Biographies ,content from Columbia Electronic Encyclopedia,http://www.infoplease.com/encyclopedia/1econbio.html,,
Biographies,Labor: Biographies ,content from Columbia Electronic Encyclopedia,http://www.infoplease.com/encyclopedia/1laborbio.html,,
Biographies,Business Biographies,online version of 2005 print publication by Gale Rsearch,http://www.referenceforbusiness.com/biography,,
Biotechnology,Biotechology Industry Organization,,http://www.bio.org,,
Biotechnology,BioChipNet: The Informational Web site on BioChip Technologies,,http://www.biochipnet.de,,
Biotechnology,eBioNews,,http://www.ebionews.com,,
Biotechnology,LifeSciencesWorld,,http://www.lifesciencesworld.com,,
Biotechnology,Signals Magazine,,http://www.signalsmag.com,,
Biotechnology:Jobs,BioSpace,,http://www.biospace.com,,
Business Ethics,Ethisphere: The World’s Most Ethical Companies,,http://ethisphere.com/worlds-most-ethical/,,
Business Ethics,Business Ethics,,http://www.business-ethics.com,,
Business Ethics,Caux Round Table,,http://www.cauxroundtable.org,,
Business Ethics,Business Ethics in the Movies,,http://www.west.asu.edu/johnso/businessethics/ethics.cfm,,
Business Plans,Business Plans,moreBusiness.com,http://www.morebusiness.com/business-plans,,
Business Plans:Entrepreneurship,Bplan.com,,http://www.bplans.com,,
Business Plans:Entrepreneurship,Business Plan Center,Includes sample business plans by MBA students from Moot Corp competition,http://www.businessplans.org,,
Business Plans:Entrepreneurship,Business Plans and Profiles Index,,http://www.carnegielibrary.org/research/business/bplansindex.html,,
Calculators,CPI Inflation Calculator,U.S. Bureau of Labor Statistics,http://www.bls.gov/data/inflation_calculator.htm,,
Calculators,Measuring Worth: Calculators,MeasuringWorth.com,http://www.measuringworth.com/calculators.html,,
Calculators:Cost of Living,NerdWallet,,http://www.nerdwallet.com/cost-of-living-calculator,,
Calculators:HR Management,Cost of Living Calculator,CNNMoney.com,http://money.cnn.com/calculator/pf/cost-of-living,,
Calculators:HR Management,Salary Comparison and Salary Calculator,NY Times,http://salary.nytimes.com/SalaryWizard/LayoutScripts/Swzl_NewSearch.aspx,,
Calculators:HR Management,Cost of Living Wizard,salary.com,http://swz.salary.com/CostOfLivingWizard/LayoutScripts/Coll_Start.aspx,,
Calculators:HR Management,Salary Tools,SalaryExpert.com,http://www.salaryexpert.com/index.cfm?FuseAction=FreeSalaryTools.Dsp_FreeSalaryTools,,
Cases,HBS cases,,http://hbsp.harvard.edu/product/cases,,
Cases,North American Case Research Foundation,,http://nacra.net,,
Cases,Asian Business Case Centre,,http://www.asiacase.com,,
Cases,CasePlace.org,,http://www.caseplace.org,,
Cases,European Case Clearing House,,http://www.thecasecentre.org/educators/,,
Cases,Thunderbird ,(international cases),http://caseseries.thunderbird.edu,,
Cases,Stanford Business Cases,,https://gsbapps.stanford.edu/cases,,
Company Research,CNBC Company Search,,http://data.cnbc.com/quotes,,
Company Research,Company Insight Center,BusinessWeek,http://investing.businessweek.com/research/company/overview/overview.asp,,
Company Research,Cogmap,,http://www.cogmap.com,,
Company Research,Company Profiles Search,,http://www.ic.gc.ca/eic/site/cd-dgc.nsf/eng/home,,
Company Research,Doing Company Research,,http://www.loc.gov/rr/business/company/directories.html,,
Company Research,America’s Largest Private Companies,,http://www.forbes.com/largest-private-companies/,,
Company Research,Bloomberg BusinessWeek: Company Search,,http://investing.businessweek.com/research/common/symbollookup/symbollookup.asp,,
Company Research,Corporations Canada,,http://www.ic.gc.ca/eic/site/cd-dgc.nsf/eng/home,,
Company Research,Forbes Lists,,http://www.forbes.com/lists,,
Company Research,Fortune 500,,http://money.cnn.com/magazines/fortune/fortune500,,
Company Research,FT.com: Markets Data,,http://markets.ft.com/ft/markets/companyResearch.asp,,
Company Research,Industry Peer Group and Business Valuation Analytics,,http://www.infinancialsanalytics.com/Eurofin/analytics,,
Company Research,Industry Week 1000 ,"The world's 1,000 largest publicly-held manufacturing companies, based on revenue",http://www.industryweek.com/iwinprint/IW1000,,
Company Research,Kellysearch,,http://www.kellysearch.com,,
Company Research,Manta,,http://www.manta.com,,
Company Research,Mediaowners.com,,http://mediaowners.com,,
Company Research,Muckety: Interactive Map,must have JAVA,http://news.muckety.com/about-muckety,,
Company Research,Research RoundUp: Business Filings Databases ,provides links to corporate and business filing offices and their searchable databases of filings for all 50 states.,http://www.llrx.com/columns/roundup29.htm,,
Company Research,SCImago Journal & Country Rank,,http://www.scimagojr.com,,
Company Research,Small Business Administration,,http://www.sba.gov,,
Company Research,The Official Board,,http://theofficialboard.com,,
Company Research,Whisper Number ,requires free registration,http://www.earningsbase.com,,
Company Research:Silicon Valley,Wellspring of Innovation ,a listing of companies founded by members of Stanford's community,http://www.stanford.edu/group/wellspring,,
Company Research:Statistics ,BizStats.com,,http://www.bizstats.com,,
Conf. & Trade Shows,AllConferences.com,,http://www.allconferences.com,,
Conf. & Trade Shows,EventsEye: Trade Shows Directory,,http://www.eventseye.com,,
Conf. & Trade Shows,Trade Show News Network,,http://www.tsnn.com,,
Manufacturing,Manufacturing & Construction Statistics,U.S. Census Bureau,http://www.census.gov/mcd,,
Consulting,Association of Management Consulting Firms,,http://www.amcf.org,,
Consulting,Boston Consulting Group's Interview Prep,,http://www.bcg.com/join_bcg/interview_prep,,
Consulting,Federation of European Management Consulting Associations (FEACO),,http://www.feaco.org,,
Consulting,Management Consultancies Association,,http://www.mca.org.uk,,
Consumer,Consumer Expenditure Surveys,U.S. Bureau of Labor Statistics,http://www.bls.gov/cex,,
Consumer,"100 Years of U.S. Consumer Spending: Data for the Nation, New York City, and Boston",U.S. Bureau of Labor Statistics,http://www.bls.gov/opub/uscs,,
Consumer,Consumer Credit ,U.S. Federal Reserve,http://www.federalreserve.gov/releases/G19,,
Consumer,Consumer Policy,OECD,http://www.oecd.org/sti/consumer,,
Consumer,Surveys of Consumers,,http://www.sca.isr.umich.edu,,
Consumer,Social Security Expenditures of the Aged Chartbook,,http://www.socialsecurity.gov/policy/docs/chartbooks/expenditures_aged,,
Consumer,American Consumer Satisfaction Index (ACSI),,http://www.theacsi.org,,
Consumer,Universal McCann,,http://www.umww.com,,
Corporate Governance,AFL-CIO Corporate Watch,,http://www.aflcio.org/Corporate-Watch,,
Corporate Governance,CFO.com,,http://www.cfo.com,,
Corporate Governance,Conference Board,,http://www.conference-board.org,,
Corporate Governance,European Corporate Governance Institute,,http://www.ecgi.org,,
Corporate Reports,AnnualReports.com,,http://www.annualreports.com,,
Corporate Reports,Event Calendar Earnings,,http://www.earnings.com/highlight.asp,,
Corporate Reports,"ERI's Full Proxy, 10-K and Nonprofit 990 Reports",,http://www.erieri.com/Proxies10ksAppraisalNorms,,
Corporate Reports,Public Register's Annual Report Service (PRARS),,http://www.prars.com/cgi-bin/search.cgi,,
Corporate Reports,SEC Fast Answers,,http://www.sec.gov/answers.shtml,,
Corporate Reports,SEC's EDGAR database,,http://www.sec.gov/edgar/searchedgar/webusers.htm,,
Corporate Reports,Shibui Markets ,free basic data for companies in 100+ countries; includes a list of the largest companies in each country,http://www.shibuimarkets.com,,
Corporate Reports:Financial Markets,Investor Calendar,,http://www.investorcalendar.com,,
Corp. Social Responsibility,Corporate Social Responsibility Educational Podcasts,,http://csi.gsb.stanford.edu/podcast/Corporate%20Social%20Responsibility,,
Corp. Social Responsibility,Business for Social Responsibility,,http://www.bsr.org,,
Corp. Social Responsibility,CorpWatch.org,,http://www.corpwatch.org,,
Corp. Social Responsibility,The Corporate Social Responsibility Newswire,,http://www.csrwire.com,,
Corp. Social Responsibility,Eldis: Ethical Business,,http://www.eldis.org/go/topics/resource-guides/ethical-business,,
Corp. Social Responsibility,Social Innovation Conversations,"Center for Social Innovation, Stanford Graduate School of Business",http://csi.gsb.stanford.edu/podcast,,
Cost of Living,CPI,Federal Reserve Bank of Minneapolis, http://www.minneapolisfed.org/community_education/teacher/calc,,
Cost of Living,Consumer Price Index Summary,,http://stats.bls.gov/news.release/cpi.nr0.htm,,
Cost of Living,Payscale.com,,http://www.payscale.com/cost-of-living-calculator,,
Dictionaries,Financial Glossary - Yahoo! Finance,,http://biz.yahoo.com/f/g,,
Dictionaries,The Wall Street Journal Glossary of Terms,,http://info.wsj.com/college/glossary/intlbusiness.pdf,,
Dictionaries,Money 101: Glossary - CNNMoney.com,,http://money.cnn.com/services/glossary/a.html,,
Dictionaries,Economic Terms,Economist.com,http://www.economist.com/economics-a-to-z,,
Dictionaries,Global Investor Glossary,,http://www.finance-glossary.com,,
Dictionaries,Acronyms,Investopedia.com,http://www.investopedia.com/categories/acronyms.asp,,
Dictionaries,Investopedia: Dictionary,,http://www.investopedia.com/dictionary,,
Dictionaries,Investing Glossary - InvestorWords.com,,http://www.investorwords.com,,
Dictionaries,Glossary of Financial and Business Terms,New York Times,http://www.nytimes.com/library/financial/glossary/bfglosa.html,,
Dictionaries,Value Line: Glossary of Investment Terms,,http://www.valueline.com/Tools/glossary.aspx,,
Dictionaries,Business Terms Glossary,washingtonpost.com,http://www.washingtonpost.com/wp-dyn/business/specials/glossary/index.html,,
Dictionaries:Information Technology,Webopedia,,http://www.webopedia.com,,
E-Commerce,Web Marketing & E-Commerce,,http://webmarketingtoday.com,,
E-Commerce,Measuring the Electronic Economy ,U.S. Census Bureau,http://www.census.gov/econ/estats,,
E-Commerce,E-Commerce Times,,http://www.ecommercetimes.com,,
E-Commerce,Doing Business on the Internet ,Library of Congress,http://www.loc.gov/rr/business/ecommerce,,
Finance,Current Value of Old Money,,http://projects.exeter.ac.uk/RDavies/arian/current/howmuch,,
National Economies,FRED (Federal Reserve Economic Data),"Database of over 25,000 U.S. Economic Series including over 400 Banking related sets. Download to txt and excel.",http://research.stlouisfed.org/fred2,,
National Economies:Statistics,Global Economic Monitor,World Bank,http://data.worldbank.org/data-catalog/global-economic-monitor,,
Education,College & University Endowments ,Chronicle of Higher Education,http://chronicle.com/stats/endowments,,
Education,National Center for Education Statistics,,http://nces.ed.gov,,
Education,Universities Worldwide,,http://univ.cc,,
Education,Academic Ranking of World Universities,,http://www.arwu.org,,
Education,Public School Finance Data,,http://www.census.gov/govs/school,,
Education,BizDeansTalk ,Blog,http://www.deanstalk.net,,
Education,EDUCAUSE,,https://www.educause.edu/library,,
Education,Global Grad School Directory,,http://www.gradschools.com,,
Education,Peterson's Education Directory,,http://www.petersons.com,,
Education:Jobs,Chronicle of Higher Education,,http://chronicle.com,,
Information Technology,Semiconductor Industry Association,,http://www.semiconductors.org,,
Encyclopedia,Encyclopedia of American Industries,online version of 2005 print publication by Gale Rsearch.,http://www.referenceforbusiness.com/industries,,
Encyclopedia,Encylcopedia of Management,online version of 2005 print publication by Gale Rsearch.,http://www.referenceforbusiness.com/management,,
Encyclopedia,Encyclopedia of Small Business,online version of 2005 print publication by Gale Rsearch.,http://www.referenceforbusiness.com/small,,
Encyclopedia,Encyclopedia of Business, online version of 2005 print publication by Gale Rsearch.,http://www.referenceforbusiness.com/encyclopedia,,
Energy,Platts ,Requires free registration,http://platts.com,,
Energy,The New York Times: Energy Sector,,http://markets.on.nytimes.com/research/markets/usmarkets/sectors.asp?sector=50,,
Energy,Eyeforenergy,,http://social.decomworld.com,,
Energy,The Energy Information Administration (EIA),,http://www.eia.gov,,
Energy,International Energy Statistics,U.S. EIA,http://www.eia.gov/countries/data.cfm,,
Energy,Energy Future,,http://www.energy-future.com,,
Energy,California Energy Commission,,http://www.energy.ca.gov,,
Energy,Fedstats Energy Statistics,,http://www.fedstats.gov/key_stats/index.php?markup=XHTML&pageType=program&id=energy,,
Energy,International Atomic Energy Agency (IAEA),,http://www.iaea.org,,
Energy,Nuclear Energy Institute,,http://www.nei.org,,
Energy,Federal Energy Management Program,,http://www1.eere.energy.gov/femp,,
Energy,The New York Times: Utilities Sector,,http://markets.on.nytimes.com/research/markets/usmarkets/sectors.asp?sector=59,,
Entertainment,Recording Industry Association of America,,http://riaa.com,,
Entertainment,American Film Institute,,http://www.afi.com,,
Entertainment,Box Office Guru,,http://www.boxofficeguru.com,,
Entertainment,Done Deal,,http://www.donedealpro.com,,
Entertainment,International Federation of the Phonographic Industry (IFPI),,http://www.ifpi.org,,
Entertainment,Independent Film & Television Alliance (IFTA),,http://www.ifta-online.org,,
Entertainment,Internet Movie Database (IMDb),,http://www.imdb.com,,
Entertainment,Motion Picture Association of America,,http://www.mpaa.org/policy,,
Entertainment,National Association of Theater Owners,,http://www.natoonline.org/statistics.htm,,
Entertainment,The Numbers,,http://www.the-numbers.com,,
Entrepreneurship,U.S. Business Advisor ,Information and services government provides for the business community,http://business.usa.gov,,
Entrepreneurship, Entrepreneurship Corner ,Stanford Technology Ventures Program,http://ecorner.stanford.edu,,
Entrepreneurship,Startup Journal ,Wall Street Journal Center for Entrepreneurs,http://online.wsj.com/public/page/small-business,,
Entrepreneurship,Yahoo! Small Business Advisor,,http://smallbusiness.yahoo.com/advisor/,,
Entrepreneurship,Inventor's Handbook,,http://web.mit.edu/invent/h-main.html,,
Entrepreneurship,CCH Business Owners Toolkit,,http://www.bizfilings.com/toolkit/tools-forms.aspx,,
Entrepreneurship,The Small Business Knowledge Base,,http://www.bizmove.com,,
Entrepreneurship,Small Business,BusinessWeek,http://www.businessweek.com/smallbiz/index.html,,
Entrepreneurship,Docstoc,,http://www.docstoc.com/,,
Entrepreneurship,Entrepreneur.com,,http://www.entrepreneur.com/,,
Entrepreneurship,Entrepreneurship,,http://www.entrepreneurship.org/,,
Entrepreneurship,Franchising.com,,http://www.franchising.com/,,
Entrepreneurship,Center for Entrepreneurial Studies, Stanford Graduate School of Business,http://www.gsb.stanford.edu/ces/resources/links.html,,
Entrepreneurship,Entrepreneurship Research Portal,,http://www.kauffman.org/Section.aspx?id=Research_And_Policy,,
Entrepreneurship,Small Business Loan Information Center,,http://www.loansenseplus.com,,
Entrepreneurship,National Business Incubation Association,,http://www.nbia.org/,,
Entrepreneurship,Economic Statistics and Research ,U.S. Small Business Administration,http://www.sba.gov/advo/research/,,
Entrepreneurship,Small Business Center,U.S. Chamber of Commerce,http://www.uschamber.com/sb/,,
Executive Compensation,Executive Compensation Wizard ,Salary.com,http://swz.salary.com/ExecComp/LayoutScripts/Excl_CompanySearch.aspx,,
Executive Compensation,America's Highest Paid Chief Exectives ,Forbes,http://www.forbes.com/lists/2012/12/ceo-compensation-12_land.html,,
Executive Compensation,Inc.com Compensation,,http://www.inc.com/guides/hr/20678.html,,
Executive Compensation,Clarifying Executive Compensation ,Washington Post,http://www.washingtonpost.com/wp-dyn/content/graphic/2006/12/15/GR2006121500658.html,,
Executive Compensation,CFO.com Compensation,,http://www3.cfo.com/human-capital-careers/compensation,,
Finance,Finance Glossary,,http://people.duke.edu/~charvey/Classes/wpg/glossary.htm,,
Finance,ValuationResources.Com,,http://valuationresources.com/,,
Finance,Wachowicz's Web Sites for Discerning Finance Students,,http://web.utk.edu/~jwachowi/wacho_world.html,,
Finance,Center for Financial Services Innovation ,,http://www.cfsinnovation.com/,,
Finance,Eldis: Finance Policy Resource Guide,,http://www.eldis.org/finance/index.htm#.UVEkmlvwLbA,,
Finance,Federal Reserve Board,,http://www.federalreserve.gov/aboutthefed/bios/board/default.htm,,
Finance,Financial Services Roundtable,,http://www.fsround.org,,
Finance,MoneyChimp,,http://www.moneychimp.com/,,
Finance,MSCI Barra,,http://www.msci.com/products/portfolio_management_analytics/,,
Finance,Financial Economics Network,SSRN,http://www.ssrn.com/fen/index.html,,
Financial Markets,Big Charts,,http://bigcharts.marketwatch.com,,
Financial Markets,Market Event Calendar,,http://forbes.ccbn.com/highlight.asp?client=forbes,,
Financial Markets,Pacific Exchange Rate Service,Univ. of British Columbia,http://fx.sauder.ubc.ca/,,
Financial Markets,OANDA,,http://fxtrade.oanda.com/analysis/labs/,,
Financial Markets,Stock and Commodity Exchanges,(Worldwide),http://libguides.rutgers.edu/stocks,,
Financial Markets,MuniOS,,http://munios.com/,,
Financial Markets,The Wall Street Journal Markets Data Center,,http://online.wsj.com/mdc/public/page/marketsdata.html?mod=topnav_0_0002_public,,
Financial Markets,Stockcharts.com,,http://stockcharts.com,,
Financial Markets,Commodity Futures Market,Charts and Quotes,http://tfc-charts.w2d.com/,,
Financial Markets,United Nations Operational Rates of Exchange,,http://treasury.un.org/operationalrates/Default.aspx,,
Financial Markets,SEC: Investment Adviser Search ,,http://www.adviserinfo.sec.gov/(S(3ggpxhndp3pogfjcjk2w1hky))/IAPD/Content/Search/iapd_Search.aspx,,
Financial Markets,BATS Exchange,,http://www.batstrading.com,,
Financial Markets,Bonds-online.com,,http://www.bonds-online.com/,,
Financial Markets,CME Group,"links to CME, CBOT, NYMEX, COMEX",http://www.cmegroup.com/,,
Financial Markets,DailyStocks.com,,http://www.dailystocks.com/research.htm,,
Financial Markets,Dow Jones Indexes,,http://www.djindexes.com/literature/?go=generalinformation,,
Financial Markets,EMMA,,http://www.emma.msrb.org/,,
Financial Markets,Eureka Hedge,,http://www.eurekahedge.com/news/,,
Financial Markets,eventVestor,,http://www.eventvestor.com,,
Financial Markets,Federation of Euro-Asian Stock Exchanges,,http://www.feas.org/,,
Financial Markets,Federation of European Stock Exchanges (FESE),,http://www.fese.eu/,,
Financial Markets,Fitch Ratings,,http://www.fitchratings.com/web/en/dynamic/fitch-home.jsp,,
Financial Markets,The Motley Fool: Investor Resources,,http://www.fool.com/investing/index.aspx,,
Financial Markets,Fed Reserve Bank of San Francisco,,http://www.frbsf.org/index.html,,
Financial Markets,FXstreet.com ,,http://www.fxstreet.com/rates-charts/,,
Financial Markets,Hoover's IPO Central,,http://www.hoovers.com/ipo-central/100004160-1.html,,
Financial Markets,Mutual Fund Connection,Investment Company Institute,http://www.ici.org,,
Financial Markets,INO.com,(requires free registration),http://www.ino.com/,,
Financial Markets,Institutional Investor Research Group (IIRG),,http://www.institutionalinvestor.com/Research-and-Rankings.html,,
Financial Markets,Securities Industry and Financial Markets Association (SIFMA),,http://www.sifma.org/,,
Financial Markets,InvestorGuide.com,,http://www.investorguide.com/stock-research.php,,
Financial Markets,Live Charts,,http://www.livecharts.co.uk,,
Financial Markets,LSE Statistics,,http://www.londonstockexchange.com/statistics/home/statistics.htm,,
Financial Markets,Major stock exchanges of world,(map),http://www.maplib.net/demos/finance/,,
Financial Markets,Mutual Funds Investor's Center,,http://www.mfea.com,,
Financial Markets,Moodys' Credits Ratings, (requires free registration),http://www.moodys.com/,,
Financial Markets,Morningstar,,http://www.morningstar.com/Cover/Funds.aspx,,
Financial Markets,Current Market Outlook,,http://www.msu.edu/user/hilker/outlook.htm,,
Financial Markets,NASDAQ Indexes & Statistics,,http://www.nasdaq.com,,
Financial Markets,NASDAQ's IPO Summary,,http://www.nasdaq.com/markets/ipos/,,
Financial Markets,New York Federal Reserve Foreign Exchange Committee,,http://www.newyorkfed.org/FXC/volumesurvey/,,
Financial Markets,NUMA Directory of Futures and Options Exchanges,,http://www.numa.com/ref/exchange.htm,,
Financial Markets,Pensions & Investments Online: The P&I 1000,,http://www.pionline.com/specialreports/plan-sponsors,,
Financial Markets,IPOhome.com,,http://www.renaissancecapital.com/RenCap/Default.aspx,,
Financial Markets,Russell Indexes,,http://www.russell.com/US/Investment_Products/Russell_Funds/default.asp,,
Financial Markets,US Savings Bonds savingbonds.com,,http://www.savingsbonds.com/infocenter.cfm,,
Financial Markets,Silicon Investor,,http://www.siliconinvestor.com,,
Financial Markets,Bond Investing,,http://www.smartmoney.com/investing/bonds/?hpadref=1,,
Financial Markets,Social Funds,,http://www.socialfunds.com/,,
Financial Markets,Standard & Poor's Credit Rating,,http://www.standardandpoors.com/ratings/en/us/,,
Financial Markets,Stockmaster,,http://www.stockmaster.com,,
Financial Markets,Monthly Statement of the Public Debt of the United States,,http://www.treasurydirect.gov/govt/reports/pd/mspd/mspd.htm,,
Financial Markets,Value Line Reports for the Dow 30,,http://www.valueline.com/dow30/,,
Financial Markets,World Federation of Exchanges,,http://www.world-exchanges.org,,
Financial Markets,NYSE Euronext,,https://nyse.nyx.com,,
Financial Markets,American Stock Exchange,,https://usequities.nyx.com/markets/nyse-mkt-equities,,
Financial Markets,ADR.com,,https://www.adr.com,,
Financial Markets,The New York Times: Financials Sector,,http://markets.on.nytimes.com/research/markets/usmarkets/sectors.asp?sector=55,,
Financial Markets,Google Finance: Stock Screener,,https://www.google.com/finance/stockscreener,,
Financial Markets,ICE Futures US,(Formerly New York Board of Trade),https://www.theice.com/homepage.jhtml,,
Financial Markets,SmartMoney.com: Fund Finder,,http://www.smartmoney.com/fundfinder/?story=intro,,
Financial Markets,www.thinknum.com/,,http://www.thinknum.com/,,
Financial Markets:Corporate Reports,Seekingalpha.com ,Includes earnings calls transcripts,http://seekingalpha.com/currents/all,,
Food,"Food, Beverage & Packaging Communications",,http://www.bnpmedia.com/,,
Food,Food Marketing Institute (FMI),,http://www.fmi.org/,,
Food,The Food Institute,,http://www.foodinstitute.com/,,
Food,US Poultry,,http://www.uspoultry.org/economic_data/,,
Food:Pharmaceuticals,U.S. Food and Drug Administration (FDA),,http://www.fda.gov/,,
Forecasts,Financial Forecast Center,,http://www.forecasts.org/,,
Forecasts,World Economic Outlook,,http://www.imf.org/external/pubs/ft/weo/2011/02/index.htm,,
Forecasts,Livingston Survey,,http://www.phil.frb.org/research-and-data/real-time-center/livingston-survey/,,
Forecasts,Survey of Professional Forecasters,,http://www.phil.frb.org/research-and-data/real-time-center/survey-of-professional-forecasters/,,
Forecasts,UCLA Anderson Forecast,,http://www.uclaforecast.com/default.asp,,
Forecasts,Monthly Economic Forecast,,https://www.wellsfargo.com/about/corporate/wachovia,,
Forestry,Forestry Publications ,Nova Scotia Dept. of Natural Resources,http://novascotia.ca/natr/library/publications/forestry.asp,,
Forestry,FAO Forestry Statistics ,,http://www.fao.org/forestry/46203/en/,,
Forestry,Forest Stewardship Council,,https://us.fsc.org/index.htm,,
Government Information,American Community Survey,,http://factfinder2.census.gov/faces/nav/jsf/pages/wc_acs.xhtml,,
Government Information,Newest CRS Reports and Issue Briefs,,http://fpc.state.gov/fpc/c6694.htm,,
Government Information,CyberCemetery ,,http://govinfo.library.unt.edu/browse.htm,,
Government Information,govpulse,,http://govpulse.us/,,
Government Information,MapLight: U.S. Congress ,campaign contributions,http://maplight.org/,,
Government Information,MapLight: California | MapLight: Los Angeles ,campaign contributions,http://maplight.org/california,,
Government Information,Social Security Statistics by Subject,,http://ssa.gov/policy/data_subject.html,,
Government Information,USAspending.gov,,http://usaspending.gov/,,
Government Information,Government Gazettes Online,,http://www-personal.umich.edu/~graceyor/doctemp/gazettes/index.htm,,
Government Information,U.S. States Documents ,"Jonsson Library, Stanford U.",http://www-sul.stanford.edu/depts/jonsson/collections/us_state/statedoc.html,,
Government Information,Association of Bay Area Governments (ABAG),,http://www.abag.ca.gov/,,
Government Information,Census Statistical Agencies,,http://www.census.gov/aboutus/stat_int.html,,
Government Information,State Government Finances,,http://www.census.gov/govs/state/,,
Government Information,Data.gov,,http://www.data.gov/,,
Government Information,California Budget,,http://www.dof.ca.gov/budget/,,
Government Information,Federal Digital System,,http://www.gpo.gov/fdsys/,,
Government Information,Budget of the U.S. Government,,http://www.gpo.gov/fdsys/browse/collectionGPO.action?collectionCode=BUDGET,,
Government Information,State Government Information,U.S. Library of Congress,http://www.loc.gov/rr/news/stategov/stategov.html,,
Government Information,MuniOS,,http://www.munios.com/,,
Government Information,Lobbying Database,,http://www.opensecrets.org/lobby/,,
Government Information,State and Local Government on the Net,,http://www.statelocalgov.net/index.cfm,,
Government Information,USA.gov: Reference Center: Data & Statistics,,http://www.usa.gov/Topics/Reference-Shelf/Data.shtml,,
Government Information,Open CRS,,https://opencrs.com/,,
Government Information,FedBizOpps,,https://www.fbo.gov/,,
Government Information:Entrepreneurship,Business USA,,http://business.usa.gov/,,
Government Information:Statistics,Census State Data Center,,http://www.census.gov/sdc/,,
Grants,Guide to Grants, The Chronicle of Philanthropy,http://philanthropy.com/section/Guide-to-Grants/270/,,
Grants,Hudson Institute : Center for Global Prosperity ,,http://www.global-prosperity.org/,,
Grants,Grantcraft,,http://www.grantcraft.org/index.cfm,,
Grants,Grants.gov,,http://www.grants.gov/,,
Grants,National Science Foundation,,http://www.nsf.gov/funding/,,
Grants,Philanthropy Roundtable,,http://www.philanthropyroundtable.org/,,
Grants,Federal Grants Resources ,U.S. Small Business Administration,http://www.sba.gov/category/navigation-structure/loans-grants/small-business-loans/sba-loan-programs,,
Grants,Catalog of Federal Domestic Assistance,,https://www.cfda.gov/,,
Grants:Nonprofit,Foundation Center,includes 990 Finder http://foundationcenter.org/findfunders/990finder/,http://foundationcenter.org/,,
Health Care,Centers for Medicare & Medicaid Services,,http://cms.hhs.gov/,,
Health Care,The New York Times: Healthcare Sector,,http://markets.on.nytimes.com/research/markets/usmarkets/sectors.asp?sector=56,,
Health Care,America's Best Hospitals ,U.S. News Online,http://health.usnews.com/best-hospitals,,
Health Care,Heath Forum Buyers Guide,,http://healthforumbuyersguide.com/,,
Health Care,Health Statistics ,"Lane Medical Library, Stanford School of Medicine",http://lane.stanford.edu/portals/reference.html?loadTab=healthstatistics,,
Health Care,Agency for Healthcare research and Quality,,http://meps.ahrq.gov/mepsweb/,,
Health Care,American Hospital Directory,,http://www.ahd.com/,,
Health Care,CDC: Data & Statistics,,http://www.cdc.gov/DataStatistics/,,
Health Care,National Center for Health Statistics,,http://www.cdc.gov/nchs/index.htm,,
Health Care,HealthFinder,,http://www.healthfinder.gov/,,
Health Care,RAND: Health Compare,,http://www.rand.org/health/projects/compare.html,,
Health Care,WHO Statistical Information System,,http://www.who.int/gho/en/,,
HR Management,Salary Surveys ,JobStar,http://jobstar.org/tools/salary/index.php,,
HR Management,BLS Statistics on Pay and Benefits ,U.S. Bureau of Labor Statistics. Includes data from National Compensation Survey,http://stats.bls.gov/bls/wages.htm,,
HR Management,AFL-CIO PayWatch,,http://www.aflcio.org/Corporate-Watch/CEO-Pay-and-You,,
HR Management,Occupation Reports ,America's Career InfoNet,http://www.careerinfonet.org/select_occupation.asp?stfips=&next=occ_rep,,
HR Management,CompanyPay.com,,http://www.companypay.com/,,
HR Management,Employee Benefit Research Institute,,http://www.ebri.org/,,
HR Management,Salary Survey Analyses ,Economic Research Institute,http://www.erieri.com/,,
HR Management,Glassdoor.com,,http://www.glassdoor.com/index.htm,,
HR Management,Salary Calculator ,homefair.com,http://www.homefair.com/real-estate/salary-calculator.asp,,
HR Management,HR-Guide.com,,http://www.hr-guide.com/,,
HR Management,National Human Resources Association (NHRA),,http://www.humanresources.org/website/c/,,
HR Management,Indeed Job Trends,,http://www.indeed.com/jobtrends,,
HR Management,PayScale,,http://www.payscale.com/research/US/Country=United_States/Salary,,
HR Management,Salary.com,,http://www.salary.com/,,
HR Management,Free Salary Tools ,SalaryExpert.com,http://www.salaryexpert.com/index.cfm?FuseAction=FreeSalaryTools.Dsp_FreeSalaryTools,,
HR Management,Society for Human Resources Management,,http://www.shrm.org/Pages/default.aspx,,
HR Management,eComp Online ,Free quick compensation search by company name or ticker,https://www.kenexa.com/Solutions/Compensation,,
HR Management:Jobs,Occupational Outlook Handbook,,http://www.bls.gov/ooh/,,
HR Management:Sports,Football Salary Database,,http://content.usatoday.com/sportsdata/football/nfl/salaries/team,,
HR Management,Robert Walters Salary Survey,,http://www.robertwalters-usa.com/career-advice/salary-survey.html,,
Industry Data,HighBeam Business: Industry Reports,,http://business.highbeam.com/industry-reports,,
Industry Data,Industry Resources Reports,,http://valuationresources.com/IndustryReport.htm,,
Industry Data,Booz & Co. Reports and White Papers,,http://www.booz.com/me/home/thought_leadership_strategy/reports_and_white_papers_me,,
Industry Data,Current Industrial Reports ,U.S. Census Bureau. Historical data only.,http://www.census.gov/manufacturing/cir/index.html,,
Industry Data,Top 10 Industries, MarketWatch.com,http://www.marketwatch.com/tools/industry/,,
Industry Data,Sector Snapshot ,NY Times,http://www.nytimes.com/packages/khtml/2006/04/02/business/20060402_SECTOR_GRAPHIC.html?adxnnl=1&adxnnlx=1174656882-zeiSaTx33tR+kiEgExRPSQ,,
Information Technology,Software & Information Industry Association,,http://siia.net,,
Information Technology,IT Encyclopedia,,http://whatis.techtarget.com/,,
Information Technology,Current Industrial Reports: Computer and Peripheral Equipment,U.S. Census Bureau. Historical data only.,http://www.census.gov/manufacturing/cir/historical_data/mq334r/index.html,,
Information Technology,Computer Reseller News (CRN),,http://www.crn.com/index.htm,,
Information Technology,Information Technology Industry Council,,http://www.itic.org/,,
Information Technology,Network World,,http://www.networkworld.com/,,
Information Technology,Software 500 ,Software Magazine,http://www.softwaremag.com/Content/ContentCT.asp?P=2759&amp;PT=33&amp;AS=1,,
Information Technology,Wall Street & Technology,,http://www.wallstreetandtech.com/,,
Insurance,Insurance Information Institute,,http://www.iii.org/,,
Insurance,California Department of Insurance,,http://www.insurance.ca.gov/,,
Insurance,Insurance News Network,,http://www.insure.com/,,
Insurance,InsWeb,,http://www.insweb.com/,,
Insurance,Society of Insurance Research,,http://www.sirnet.org/,,
Insurance:Transportation,Insurance Institute for Highway Safety,,http://www.iihs.org/,,
Intellectual Property,Copyright Resource Guide,Indiana Univ.,http://copyright.iu.edu/,,
Intellectual Property,SIPO (State Intellectural Property Office of the People's Republic of China),,http://english.sipo.gov.cn/,,
Intellectual Property,Copyright & Fair Use,Stanford Univ. Libraries,http://fairuse.stanford.edu/index.html,,
Intellectual Property,U.S. Copyright Office,Investigating the copyright status of a work,http://lcweb.loc.gov/copyright/,,
Intellectual Property,Trademark Electronic Search System (TESS),,http://tmsearch.uspto.gov/bin/gate.exe?f=tess&state=4808:xt1erp.1.1,,
Intellectual Property,Espacenet,,http://worldwide.espacenet.com/,,
Intellectual Property,Copyright Clearance Center,,http://www.copyright.com/,,
Intellectual Property,Delphion Intellectual Property Network ,Formerly IBM Intellectual Property Network,http://www.delphion.com/simple,,
Intellectual Property,Eldis: Intellectual Property Rights,,http://www.eldis.org/go/topics/resource-guides/trade-policy/intellectual-property-rights,,
Intellectual Property,FreePatentsOnline.com,,http://www.freepatentsonline.com/,,
Intellectual Property,Scirus Patent Search,,http://www.scirus.com/srsapp/advanced/index.jsp?&t=all&dt=pat,,
Intellectual Property,sumobrain.com,,http://www.sumobrain.com/,,
Intellectual Property,U.S. Patent and Trademark Office,,http://www.uspto.gov/,,
Intellectual Property,Full text of the U.S. copyright law ,"Legal Information Institute, Cornell Univ.",http://www4.law.cornell.edu/uscode/17/,,
International Trade,World Bank Data Query,,http://data.worldbank.org/,,
International Trade,Interactive Tariff and Trade DataWeb ,U.S. International Trade Commission,http://dataweb.usitc.gov/,,
International Trade,export.gov: Trade Data & Analysis,,http://export.gov/tradedata/index.asp,,
International Trade,GATT Digital Library at Stanford,,http://gatt.stanford.edu/page/home,,
International Trade,Market Access Database ,European Commission,http://madb.europa.eu/madb/barriers_select.htm,,
International Trade,International Trade Administration ,U.S. Dept. of Commerce,http://trade.gov/,,
International Trade,UNCTAD Statistics,,http://unctad.org/en/Pages/Statistics.aspx,,
International Trade,Foreign Trade Statistics ,U.S. Census Bureau. Includes State Trade Data,http://www.census.gov/foreign-trade/statistics/index.html,,
International Trade,EFTA ,,http://www.efta.int/,,
International Trade,International Trade Centre (ITC) ,UNCTAD/WTO,http://www.intracen.org/,,
International Trade,TradePort , information for small to mid-sized exporters/importers in California,http://www.tradeport.org/,,
International Trade,World Trade Organization's Resources page,,http://www.wto.org/english/res_e/res_e.htm,,
International Trade,TradeStats Express: National Trade Data,,http://tse.export.gov/TSE/TSEhome.aspx,,
International Trade,Austrade ,Australian Government,http://www.austrade.gov.au/Export/Export-Markets/Industries,,
International Trade,National Trade Estimate Report on Foreign Trade Barriers,,http://www.ustr.gov/about-us/press-office/reports-and-publications/2011-0,,
Internet,Search Engine Watch,,http://searchenginewatch.com/,,
Internet,Research Recap,,http://www.alacrastore.com/blog/,,
Internet,Alexa.com,,http://www.alexa.com/topsites,,
Internet,Center for the Digital Future,,http://www.digitalcenter.org/,,
Internet,First Monday ,A peer-reviewed monthly journal examines the social impact and implications of the Internet,http://www.firstmonday.org/,,
Internet,Internet.com,,http://www.internet.com,,
Internet,Internet Society: Histories,,http://www.internetsociety.org/internet/what-internet/history-internet,,
Internet,Internet World Stats ,"Internet Usage, Population Statistics for over 233 individual countries and world regions",http://www.internetworldstats.com/,,
Internet,Domain Name Search,,http://www.networksolutions.com/domain-name-registration/index.jsp,,
Internet,"Nielsen//NetRatings: Global Index Chart, Internet Audience Metrics",,http://www.nielsen-online.com/intlpage.html?section=pr_netv&nav=1,,
Internet,Pew Internet & American Life Project,,http://www.pewinternet.org/,,
Internet,USA.gov: Business and Economics RSS Feeds,,http://www.usa.gov/Topics/Reference-Shelf/Libraries/RSS-Library/Business.shtml,,
Internet,World Best Websites,,http://www.worldbest.com/,,
Internet,Quantcast,,https://www.quantcast.com,,
Internet:Statistics,ClickZStats: Stats & Tools,(Formerly: CyberAtlas),http://www.clickz.com/stats,,
Jobs,Careers in Business ,"in the areas of finance, accounting, marketing, and nonprofit",http://careers-in-business.jobsinthemoney.com,,
Jobs,6FigureMBA.com,,http://ds.6figuremba.com,,
Jobs,JobStar Central: Job Search Guide,focused on California,http://jobstar.org/index.php,,
Jobs,The Wall Street Journal: Careers,,http://online.wsj.com/public/page/news-career-jobs.html,,
Jobs,The Chronicle of Philanthropy,,http://philanthropy.com/jobs/,,
Jobs,6FigureJobs,for executive jobs,http://www.6figurejobs.com,,
Jobs,Association of Executive Search Consultants: Industry News & Statistics,,http://www.aesc.org/aesc.php?view=article&amp;page=industrynews,,
Jobs,Careerjet.com,,http://www.careerjet.com,,
Jobs,Computerworld Jobs,,http://www.computerworld.com/action/knowledgecenter.do?command=viewKnowledgeCenterIndex&amp;taxonomyId=10,,
Jobs,The Council of State Governments,state governments jobs,http://www.csg.org/CSG/States/jobs/default.htm,,
Jobs,Dice,,http://www.dice.com/,,
Jobs,DotOrgJobs,,http://www.dotorgjobs.com/,,
Jobs,Exec-U-Net,"exclusively for executives and senior-level managers with salaries above $100,000",http://www.execunet.com/executive-jobs.cfm,,
Jobs,Financial Job Network,,http://www.fjn.com/,,
Jobs,Futurestep , for middle management positions. From Korn/Ferry International,http://www.futurestep.com,,
Jobs,GovtJob.Net,local government jobs,http://www.govtjob.net/,,
Jobs,Idealist.org: Jobs,,http://www.idealist.org/search/v2/?search_type=job&search_browser_options_initial_sort=published_date,,
Jobs,Indeed,allows users to search multiple databases for current job openings,http://www.indeed.com,,
Jobs,Federal Jobs Digest,,http://www.jobsfed.com/,,
Jobs,JobsintheMoney.com,,http://www.jobsinthemoney.com/,,
Jobs,California Occupational Guides,"statewide information about job duties, working conditions, employment outlook, wage data, benefits, entrance requirements, and training",http://www.labormarketinfo.edd.ca.gov/occguides/,,
Jobs,Monster.com,,http://www.monster.com,,
Jobs,Non Profit Center Network,,http://www.nonprofitcareer.com/,,
Jobs,O*NET- Formerly Dictionary of Occupational Titles ,,http://www.onetonline.org,,
Jobs,Online Recruiters Directory,,http://www.onlinerecruitersdirectory.com,,
Jobs,Opportunity Knocks,,http://www.opportunitynocs.org/,,
Jobs,The Riley Guide,,http://www.rileyguide.com,,
Jobs,Searchfirm.com,,http://www.searchfirm.com/,,
Jobs,Showbiz Job,,http://www.showbizjobs.com/,,
Jobs,"Simply Hired - a job search engine pulls listings from job boards, company pages, online classifieds, etc.",,http://www.simplyhired.com,,
Jobs,USA Jobs,,http://www.usajobs.gov/,,
Labor Economics,The Harvard Project on American Indian Economic Development ,,http://hpaied.org/,,
Labor Economics,AARP Employee Resoursce,,http://www.aarp.org/work/,,
Labor Economics,AFL-CIO,,http://www.aflcio.org/,,
Labor Economics,Center for Women's Leadership ,Babson College,http://www.babson.edu/Academics/centers/cwl/Pages/home.aspx,,
Labor Economics,BE 100s ,Black Enterprise,http://www.blackenterprise.com/lists/BE100sHome.asp,,
Labor Economics,Volunteering in the U.S., U.S. Bureau of Labor Statistics,http://www.bls.gov/news.release/volun.toc.htm,,
Labor Economics,Working in the 21st Century ,U.S. Bureau of Labor Statistics,http://www.bls.gov/opub/working/home.htm,,
Labor Economics,Business and Professional Women/USA,,http://www.bpwfoundation.org/,,
Labor Economics,Minority Business Development Centers,,http://business.usa.gov/content/minority-business-centers,,
Labor Economics,Catalyst,,http://www.catalystwomen.org/,,
Labor Economics,Office of Women's Business Ownership,,http://www.sba.gov/about-offices-content/1/2895,,
Labor Economics,California Department of Industrial Relations,,http://www.dir.ca.gov/,,
Labor Economics,U.S. Dept. of Labor,,http://www.dol.gov/,,
Labor Economics,Women's Bureau: Data & Statistics,,http://www.dol.gov/wb/stats/stats_data.htm,,
Labor Economics,Job Patterns for Minorities and Women in Private Industry,,http://www.eeoc.gov/eeoc/statistics/employment/jobpat-eeo1/,,
Labor Economics,U.S. Equal Employment Opportunity Commission,,http://www.eeoc.gov/index.cfm,,
Labor Economics,European Working Conditions Surveys (EWCS): Survey Data Reports,,http://www.eurofound.europa.eu/ewco/surveys/surveyreports.htm,,
Labor Economics,Hispanic Business,,http://www.hispanicbusiness.com/,,
Labor Economics,HispanSource,,http://www.hispansource.org/,,
Labor Economics,Corporate Equality Index,,http://www.hrc.org/resources/entry/corporate-equality-index-2011,,
Labor Economics,International Labour Organization,,http://www.ilo.org/global/lang--en/index.htm#a1,,
Labor Economics," The Institute of Industrial Relations Library, Univ. of California",,http://www.irle.berkeley.edu/,,
Labor Economics,Minority Business Development Agency,,http://www.mbda.gov/,,
Labor Economics,National Association for Female Executives,,http://www.nafe.com/,,
Labor Economics,National Center for Women & Information Technology,,http://www.ncwit.org/,,
Labor Economics,National Labor Relations Board,,http://www.nlrb.gov/,,
Labor Economics,National Women's Business Council,,http://www.nwbc.gov/,,
Labor Economics,Office of Women's Business Ownership,,http://www.onlinewbc.gov/,,
Labor Economics,LaborNet's Directory of Unions on the Internet,,http://www.webshells.com/labor.htm,,
Labor Economics,Women in Technology International,,http://www.witi.com/,,
Labor Economics:Statistics,Bureau of Labor Statistics,,http://www.bls.gov/,,
Law & Public Policy,Lawcrawler,,http://lp.findlaw.com/,,
Law & Public Policy,Securities Class Action Clearinghouse ,Stanford Law School,http://securities.stanford.edu/,,
Law & Public Policy,Findlaw,,http://smallbusiness.findlaw.com/starting-a-business/,,
Law & Public Policy,Thomas,,http://thomas.loc.gov/home/thomas.php,,
Law & Public Policy,CyberSecuritiesLaw,,http://www.cybersecuritieslaw.com/,,
Law & Public Policy,Code of Federal Regulations,,http://www.gpo.gov/fdsys/search/advanced/advsearchpage.action?totalMetadataFields=2&dispatch=advancedsearch&selectedPublicationDate=All+Dates&newAvailableList=GPO&newAvailableList=BUDGET&newAvailableList=CZIC&newAvailableList=CPD&newAvailableList=BILLS&newAvailableList=CCAL&newAvailableList=CPRT&newAvailableList=CDIR&newAvailableList=CDOC&newAvailableList=CHRG&newAvailableList=CREC&newAvailableList=CRECB&newAvailableList=CRI&newAvailableList=CRPT&newAvailableList=ECONI&newAvailableList=ERP&newAvailableList=ERIC&newAvailableList=FR&newAvailableList=GAOREPORTS&newAvailableList=GOVMAN&newAvailableList=HOB&newAvailableList=HJOURNAL&newAvailableList=HMAN&newAvailableList=LSA&newAvailableList=PAI&newAvailableList=PPP&newAvailableList=PLAW&newAvailableList=SMAN&newAvailableList=STATUTE&newAvailableList=USCODE&newAvailableList=USCOURTS&newSelectedList=&newSelectedList=CFR&ycord=0&selectedMetadataField1=content&selectedTextBoxValue1=&link=,,
Law & Public Policy,Internet Legal Resource Guide,,http://www.ilrg.com/gov.html,,
Law & Public Policy,Uniform Commercial Code Locator,,http://www.law.cornell.edu/uniform/ucc.html,,
Law & Public Policy,California Law,,http://www.leginfo.ca.gov/calaw.html,,
Law & Public Policy,Law and Policy Institutions Guide,,http://www.lpig.org/,,
Law & Public Policy,Entertainment/Multimedia Law Resources,,http://www.marklitwak.com/,,
Law & Public Policy,Nolo Press,,http://www.nolo.com/,,
Law & Public Policy,Legal Scholarship Network,,http://www.ssrn.com/lsn/index.html,,
Law & Public Policy,LexisNexis CourtLink,,https://www.lexisnexis.com/start/signin?service=courtlink&contractURL=http%3a%2f%2fcourtlink.lexisnexis.com%2fSiteAccess%2fLNASContractUrl.aspx&key=_c40FEE107-BA57-D8D8-B11B-90F860DDE8C0_k2FC2C640-80E5-87B0-6F29-51469A295F83&event=form,,
Law & Public Policy:Corporate Reports,One CLE,,http://www.onecle.com/,,
Leadership,Center For Creative Leadership,,http://www.ccl.org/leadership/index.aspx?pageId=1,,
Leadership,Center for Public Leadership ,Harvard University,http://www.centerforpublicleadership.org/,,
Leadership,Stanford Center for Leadership Development and Research,,http://www.gsb.stanford.edu/cldr/,,
Leadership,CEO Exchange,,http://www.pbs.org/wttw/ceoexchange/index.html,,
Management & Organizations,American Management Association (AMA),,http://www.amanet.org/index.htm,,
Management & Organizations,American Productivity and Quality Center,,http://www.apqc.org/,,
Management & Organizations,Evidence-Based Management,From Professors Jeffrey Pfeffer and Robert I. Sutton,http://www.evidence-basedmanagement.com/,,
Management & Organizations,stanfordknowledgabase,,http://www.gsb.stanford.edu/news/knowledgebase.html,,
Management & Organizations,KM World,,http://www.kmworld.com/WhitePapers/,,
Management & Organizations,Thinkers50,,http://www.thinkers50.com/,,
Management & Organizations:Social Media,Work Matters,Professor Robert I. Sutton's blog,http://www.bobsutton.net,,
Manufacturing,USGS Minerals Information,,http://minerals.usgs.gov/minerals/pubs/,,
Manufacturing,European Aluminum Association,,http://www.alueurope.eu/,,
Manufacturing,The Aluminum Association,,http://www.aluminum.org/,,
Manufacturing,AmericanManufacturing.org,,http://www.americanmanufacturing.org/,,
Manufacturing,Manufacturing & Trade Inventories & Sales ,U.S. Census Bureau,http://www.census.gov/mtis/,,
Manufacturing,Copper Development Association,,http://www.copper.org/,,
Manufacturing,UK Steel,,http://www.eef.org.uk/uksteel/default.htm,,
Manufacturing,Global Sources,,http://www.globalsources.com/,,
Manufacturing,National Association of Manufacturers,,http://www.nam.org/Resource-Center/Manufacturers-Resources.aspx,,
Manufacturing,Steel Works: Steel Related Trade Associations,,http://www.steel.org/en/About%20AISI/Steel%20Links/Steel%20Related%20Trade%20Associations.aspx,,
Manufacturing,ThomasNet ,formerly the Thomas Register,http://www.thomasregister.com/,,
Market Research,Market Research Library ,U.S. Dept. of Commerce,http://buyusainfo.net/presearch.cfm?loadnav=no,,
Market Research,Hurun Report ,tracking the rapid changes amongst China’s high net worth individuals,http://www.hurun.net/usen/Default.aspx,,
Market Research,Nielsen Wire,,http://www.nielsen.com/us/en/newswire.html,,
Market Research,Nielsen: News & Insights,,http://www.nielsen.com/us/en/reports.html,,
Market Research,Trendwatching.com,,http://www.trendwatching.com,,
Marketing,BtoBOnline.com,,http://btobonline.com/,,
Marketing,"Mapping America: Every City, Every Block ",New York Times,http://projects.nytimes.com/census/2010/explorer?hp,,
Marketing,brandchannel.com,,http://www.brandchannel.com/,,
Marketing,BtoB,,http://www.btobonline.com/,,
Marketing,Cause Marketing Forum,,http://www.causemarketingforum.com/page.asp?ID=73,,
Marketing,comScore Press Releases,,http://www.comscore.com/press/pr.asp,,
Marketing,Gallup,,http://www.gallup.com/,,
Marketing,Marketing Virtual Library,,http://www.knowthis.com/,,
Marketing,Marketing Charts,,http://www.marketingcharts.com/,,
Marketing,Marketing Power ,American Marketing Association,http://www.marketingpower.com/,,
Marketing,NationMaster: Lifestyle Statistics By Country,,http://www.nationmaster.com/cat/lif-lifestyle,,
Marketing,Nielsen: News & Insights,,http://www.nielsen.com/us/en/insights.html,,
Marketing,State Master: Lifestyle Statistics By State,,http://www.statemaster.com/cat/lif-lifestyle,,
Marketing,ThinkInsights ,,http://www.thinkwithgoogle.com/insights/,,
Marketing,Nielsen Newswire,,http://www.nielsen.com/us/en/newswire.html,,
Marketing:Social Media,The Top Marketing Blogs: Ad Age Power 150,,http://adage.com/power150/,,
Media,Directory of Publishers and Vendors,,http://acqweb.org/pubr.html,,
Media,State of the News Media: An Annual Report on American Journalism,,http://stateofthemedia.org/,,
Media,TVbytheNumbers.com,,http://tvbythenumbers.zap2it.com/,,
Media,American Booksellers Association,,http://www.bookweb.org/,,
Media,R.R. Bowker's BookWire,,http://www.bookwire.com/,,
Media,BusinessJournalism.org,,http://businessjournalism.org/,,
Media,Independent Film & Television Alliance,,http://www.ifta-online.org/,,
Media,Magazines Publishers of America,,http://www.magazine.org/,,
Media,National Association of Broadcasters,,http://www.nab.org,,
Media,National Cable & Telecommunications Association,,http://www.ncta.com/,,
Media,Nielsen Ratings of the week,,http://www.nielsenmedia.com/nc/portal/site/Public/menuitem.43afce2fac27e890311ba0a347a062a0/?show=/Filters/Public/top_tv_ratings/broadcast_tv&amp;selOneIndex=0&amp;vgnextoid=9e4df9669fa14010VgnVCM100000880a260aRCRD,,
Mobile Research,U.S. Government Apps,,http://apps.usa.gov/,,
Mobile Research,Business Analyst Online (BAO),,http://itunes.apple.com/us/app/bao/id380484178?mt=8,,
Mobile Research,DOL Mobile Applications,US Dept. of Labor ,http://www.dol.gov/dol/apps/,,
Mobile Research,World Bank: Open Development,,http://www.worldbank.org/open/,,
Mobile Research:National Culture,Geert Hofsted Cultural Dimensions,,http://geert-hofstede.com/countries.html,,
Nanotechnology,Nano.gov ,,http://www.nano.gov,,
Nanotechnology,Nanotechnology Now,,http://www.nanotech-now.com,,
Nanotechnology,Nanovip.com,,http://www.nanovip.com,,
Nanotechnology,International council for nanotechnology (ICON),,http://icon.rice.edu,,
National Culture,Enterprise Surveys,,http://www.enterprisesurveys.org/,,
National Culture,Etiquette International,,http://www.etiquetteinternational.com/Articles/FirstGetGood.aspx,,
National Culture,"Kiss, Bow or Shake Hands: Getting Through Customs Article Library",includes tips for doing business in different countries. Print copies available in the Library • Find it @ Stanford,http://www.getcustoms.com/2004GTC/articles.html,,
National Culture,Country Insights," Centre for Intercultural Learning, Canada",http://www.intercultures.ca/cil-cai/countryinsights-apercuspays-eng.asp,,
National Culture,Kwintessential,,http://www.kwintessential.co.uk/etiquette/doing-business-in.html,,
National Culture,UHY Doing Business Guides,,http://www.uhy.com/pages/resources/doing-business-guides.php,,
National Culture:National Economies,World Bank: Doing Business,,http://www.doingbusiness.org/,,
National Economies,European Union,,http://europa.eu/index_en.htm,,
National Economies,globalEdge,Michigan State University,http://globaledge.msu.edu/global-insights,,
National Economies,Country Studies ,Library of Congress,http://lcweb2.loc.gov/frd/cs/cshome.html,,
National Economies,"Mapping Financed Activities by Country, Indicator ",World Bank,http://maps.worldbank.org/,,
National Economies,BBC: Country Profiles,,http://news.bbc.co.uk/2/hi/country_profiles/default.stm,,
National Economies,Africa South of Sahara: Business & Economy,,http://www-sul.stanford.edu/depts/ssrg/africa/biz.html,,
National Economies,Africa Business Information Services,,http://www.afbis.com,,
National Economies,African Development Bank Group ,,http://www.afdb.org/en/documents/,,
National Economies,AME Info: Middle East Business Information & Financial News,,http://www.ameinfo.com/,,
National Economies,Asia-Pacific Economic Cooperation (APEC),,http://www.apec.org/,,
National Economies,Country Risk and Economic Research ,coface.com,http://www.coface.com/CofacePortal/COM_en_EN/pages/home/risks_home,,
National Economies,Economic Commission for Latin America and the Caribbean,,http://www.eclac.org/default.asp?idioma=IN,,
National Economies,Canada: Dept of Finance,,http://www.fin.gc.ca/pub/index-eng.asp,,
National Economies,International Chamber of Commerce,,http://www.iccwbo.org/,,
National Economies,Country Information,IMF reports,http://www.imf.org/external/country/index.htm,,
National Economies,ViewsWire ,EIU,http://www.viewswire.com/,,
National Economies,World Economic Forum: Global Competitiveness,,http://www.weforum.org/en/initiatives/gcp/index.htm,,
National Economies,Country Commercial Guides ,U.S. Dept. of Commerce,http://www.buyusainfo.net/z_body.cfm?dbf=ccg1&search_type2=int&avar=19919&logic=and&loadnav=no,,
National Economies,CIA World Factbook,,https://www.cia.gov/library/publications/the-world-factbook/index.html,,
National Economies:Government Information,U.S. Dept. of State,,http://www.state.gov,,
National Economies:Government Information,U.S. Agency for International Development,,http://www.usaid.gov/,,
National Economies:International Trade,Country Profiles and Resources,Federation of International Trade Associations,http://fita.org/countries/index.html,,
National Economies:Statistics,World Bank: Data,,http://data.worldbank.org/,,
National Economies:Statistics,OECD,Stanford Users: use OECD iLibrary,http://www.oecd.org/#countriesList,,
National Economies:Statistics,Canada: Statistics,,http://www.statcan.gc.ca/,,
National Economies:Statistics,U.K. National Statistics,,http://www.statistics.gov.uk/,,
National Economies,Data.gov.uk,,http://data.gov.uk,,
National Economies,World Economic Forum Reports,,http://www.weforum.org/reports,,
News,Reynolds Center for Business Journalism ,,http://businessjournalism.org/,,
News,NYT DealBook,,http://dealbook.blogs.nytimes.com/,,
News,Newssift,,http://newssift.com,,
News,The Wall Street Journal: Video,,http://online.wsj.com/video-center,,
News,Pipes,Financial Headline News,http://pipes.yahoo.com/pipes/pipe.info?_id=wqtLfGG42xG97YM3l7okhQ,,
News,AP Video,,http://video.ap.org/,,
News,World News Network: Business,,http://wn.com/Business,,
News,ABYZ News Links,,http://www.abyznewslinks.com/,,
News,San Francisco Business Times,,http://www.bizjournals.com/sanfrancisco/,,
News,Silicon Valley / San Jose Business Journal,,http://www.bizjournals.com/sanjose/,,
News,Bloomberg News,,http://www.bloomberg.com/news/index.html,,
News,BusinessWeek Online: Video News,,http://www.businessweek.com/mediacenter/video/,,
News,BusinessWire,,http://www.businesswire.com/portal/site/home/news/,,
News,C-SPAN Video Library,,http://www.c-spanvideo.org,,
News,CNBC News Video,,http://www.cnbc.com/id/15839263,,
News,CNN News Video,,http://www.cnn.com/video/,,
News,Footage.net ,,http://www.footage.net/,,
News,Kidon Media Link,,http://www.kidon.com/media-link/english.php,,
News,MagPortal.com,,http://www.magportal.com/,,
News,The Mercury News,,http://www.mercurynews.com/business,,
News,Newseum: Today's Front Pages,,http://www.newseum.org/todaysfrontpages/default.asp?tfp_show_sort=no&amp;tfp_region=all,,
News,newspaperindex.com,,http://www.newspaperindex.com/,,
News,Northern Light Search,,http://www.nlsearch.com/home.php,,
News,Palo Alto Weekly,,http://www.paloaltoonline.com/,,
News,PressDisplay: Newspapers from Around the World,,http://www.pressdisplay.com/pressdisplay/viewer.aspx,,
News,Reuters ,,http://www.reuters.com/,,
News,San Francisco Chronicle,,http://www.sfgate.com/business/,,
News,Silobreaker,,http://www.silobreaker.com/,,
News,"National, State & Local Newspaper Archives",,http://xooxleanswers.com/newspaperarchives4.aspx,,
News,TVNews,,http://archive.org/details/tv,,
News:Media,Vanderbilt Television News Archive,,http://tvnews.vanderbilt.edu/,,
Nonprofit,National Center for Charitable Statistics,,http://nccs.urban.org/index.cfm,,
Nonprofit,Program on Philanthropy and Social Innovation ,The Aspen Institute,http://www.aspeninstitute.org/policy-work/nonprofit-philanthropy,,
Nonprofit,Capital Research Center,,http://www.capitalresearch.org/,,
Nonprofit,Charity Watch,,http://www.charitywatch.org/,,
Nonprofit,Council on Foundations,,http://www.cof.org/,,
Nonprofit,National Charities Information Bureau,,http://www.give.org,,
Nonprofit,GuideStar ,,http://www.guidestar.com,,
Nonprofit,Idealist.org,,http://www.idealist.org/,,
Nonprofit,Hauser Center for Nonprofit Organizations,,http://www.ksg.harvard.edu/hauser/,,
Nonprofit,Leader to Leader Journal," Includes Innovation Awards, brief biographies and works of thought leaders, and the books they recommend.",http://www.leadertoleader.org/knowledgecenter/journal.aspx,,
Nonprofit,National Council of Nonprofit Organizations,,http://www.ncna.org/,,
Nonprofit,FirstGov for Nonprofits ,U.S. government resources,http://www.nonprofit.gov/,,
Nonprofit,Corporate Donations Database,,http://www.nptgrantsearch.com/default.asp,,
Nonprofit,Nonprofit Times,,http://www.nptimes.com,,
Nonprofit,Nonprofit Technology Enterprise Network,,http://www.nten.org/,,
Nonprofit,Chronicle of Philanthropy,,http://www.philanthropy.com,,
Nonprofit,Philanthropy Journal,,http://www.philanthropyjournal.org/,,
Nonprofit,Techsoup.org,,http://www.techsoup.org/index.cfm,,
Nonprofit,Urban Institute: Research: Nonprofit Sector,,http://www.urban.org/Template.cfm?Section=ByTopic&amp;NavMenuID=62#TopicID71,,
Nonprofit,ProPublica,,http://projects.propublica.org/nonprofits/,,
Oil & Gas,American Petroleum Institute,,http://www.api.org/,,
Oil & Gas,Natural Gas Imports and Exports ,U.S. Dept. of Energy,http://fossil.energy.gov/programs/gasregulation/publications/,,
Oil & Gas,Baker Hughes Rig Count ,(includes interactive chart & map),http://phx.corporate-ir.net/phoenix.zhtml?c=79687&p=irol-rigcountsoverview,,
Oil & Gas,Canadian Association of Petroleum Producers,,http://www.capp.ca/Pages/default.aspx,,
Oil & Gas,"Petroleum Supply Annual, Volume 1",,http://www.eia.gov/petroleum/supply/annual/volume1/,,
Oil & Gas,Eurogas,,http://www.eurogas.org/,,
Oil & Gas,International Fuel Prices,,https://energypedia.info/wiki/International_Fuel_Prices,,
Oil & Gas,Organization of the Petroleum Exporting Countries (OPEC),,http://www.opec.org/opec_web/en/,,
Oil & Gas,Petroleum Place-The Petroleum Industry's Online Directory,,http://www.petroleumplace.com/,,
Pharmaceuticals,ClinicalTrials.gov,,http://clinicaltrials.gov/,,
Pharmaceuticals,Drug Topics: The Online Newsmagazine for Pharmacists,,http://drugtopics.modernmedicine.com/be_core/d/index.jsp,,
Pharmaceuticals,Top Pharmaceuticals,Chemical & Engineering News - history of the industry,http://pubs.acs.org/cen/coverstory/83/8325/8325intro.html,,
Pharmaceuticals,Consumer Healthcare Products Association,,http://www.chpa-info.org/,,
Pharmaceuticals,European Medicines Agency,,http://www.ema.europa.eu/ema/index.jsp?curl=/pages/home/Home_Page.jsp&jsenabled=true,,
Pharmaceuticals,International Federation of Pharmaceutical Manufacturers Associations (FPMA),,http://www.ifpma.org/,,
Pharmaceuticals,IMS Health: Articles & Publications,,http://www.imshealth.com/portal/site/ims,,
Pharmaceuticals,National Association of Chain Drug Stores,,http://www.nacds.org/,,
Pharmaceuticals,PhRma-Pharmaceutical Research and Manufacturers of America,,http://www.phrma.org/,,
Real Estate,American FactFinder: Housing , U.S. Census Bureau. Select Advanced Search > Topics: Housing.,http://factfinder2.census.gov/faces/nav/jsf/pages/searchresults.xhtml?refresh=t,,
Real Estate,Housing ,includes data from housing surveys. U.S. Census Bureau,http://www.census.gov/housing/,,
Real Estate,Housing Sales Data ,Economagic.com (data from U.S. Census Bureau),http://www.economagic.com/cenc25.htm,,
Real Estate,Home Mortgage Disclosure Act ,,http://www.ffiec.gov/hmda,,
Real Estate,Federal Housing Finance Agency,,http://www.fhfa.gov,,
Real Estate,Joint Center for Housing Studies ,Harvard University,http://www.jchs.harvard.edu/,,
Real Estate,Mortage Bankers Association of America,,http://www.mbaa.org/,,
Real Estate,Real Estate Research ,National Association of Realtors,http://www.realtor.org/research-and-statistics,,
Real Estate,Housing & Economic Statistics, National Association of Realtors,http://www.realtor.org/research-and-statistics/housing-statistics,,
Real Estate,National Association of Real Estate Investment Trusts (NAREIT),,http://www.reit.com/Default.aspx,,
Real Estate,Urban Land Institute,,http://www.uli.org,,
Real Estate,Reis.com,,https://www.reis.com,,
Renewable Energy,Journal of Renewable and Sustainable Energy (JRSE),,http://jrse.aip.org/,,
Renewable Energy,American Wind Energy Association,,http://www.awea.org/,,
Renewable Energy,Efficiency and Renewable energy,US Dept. of Energy,http://www.eere.energy.gov/,,
Renewable Energy,EIA - Country Analysis Briefs,,http://www.eia.gov/countries/,,
Renewable Energy,Energy Information Administration,,http://www.eia.gov/environment/,,
Renewable Energy,"Energy, Clean Technology, and Climate Change",GreenBiz.com,http://www.greenbiz.com/section/energy-climate,,
Renewable Energy,Global Wind Energy Council,,http://www.gwec.net/,,
Renewable Energy,National Renewable Energy Laboratory,,http://www.nrel.gov/,,
Renewable Energy,World Bank: Asia Alternative Energy Program,,http://www.worldbank.org/astae/reports.htm,,
Restaurants & Bars,National Restaurant Association,,http://www.restaurant.org,,
Restaurants & Bars,Nation's Restaurant News,,http://nrn.com,,
Restaurants & Bars,The Restaurant Report,,http://www.restaurantreport.com,,
Retail Stores,Grocery Retailers Online,,http://users.skynet.be/sky39402/retail.htm,,
Retail Stores,Retail Trade Statistics - U.S. Census Bureau,,http://www.census.gov/econ/www/retmenu.html,,
Retail Stores,Chain Store Age,,http://www.chainstoreage.com/,,
Retail Stores,International Council of Shopping Centers,,http://www.icsc.org/,,
Retail Stores,Kamcity Library,,http://www.kamcity.com/library/,,
Retail Stores,National Association of Convenience Stores (NACS),,http://www.nacsonline.com/NACS/Pages/default.aspx,,
Retail Stores,Progressive Grocer,,http://www.progressivegrocer.com/progressivegrocer/index.jsp,,
Retail Stores,STORES magazine,,http://www.stores.org,,
Retail Stores,Supermarkets News,,http://www.supermarketnews.com/,,
Retail Stores,International Council of Toy Industries,,http://www.toy-icti.org/,,
Retail Stores,Toy Industry Association,,http://www.toyassociation.org/,,
Silicon Valley,Silicon Valley 100 ,by Business Insider,http://www.businessinsider.com/the-silicon-valley-100-2012-1,,
Silicon Valley,Joint Venture Silicon Valley,,http://www.jointventure.org,,
Silicon Valley,SiliconValley.com ,includes Silicon Valley 150,http://www.siliconvalley.com,,
Silicon Valley,Silicon Valley History Online,,http://www.siliconvalleyhistory.org,,
Social Media,Baseline Scenario,,http://baselinescenario.com,,
Social Media,Comscore Blog,,http://blog.comscore.com/,,
Social Media,louisgray.com,,http://blog.louisgray.com/,,
Social Media,The PRS Group: Blog,,http://blog.prsgroup.com/Home.aspx,,
Social Media,Global Reach: US Census,,http://blogs.census.gov/globalreach/,,
Social Media,Top Analyst Tweeters,,http://technobabble2dot0.wordpress.com/2010/01/19/top-analyst-tweeters-via-tweetlevel-2/,,
Social Media,Blogspotting,BusinessWeek,http://www.businessweek.com/the_thread/blogspotting/,,
Social Media,Docuticker.com,,http://www.docuticker.com/?cat=2,,
Social Media,Marketing Insights Today,,http://www.newbusinesshunter.net,,
Social Media,Research Recap,,http://www.researchrecap.com/,,
Social Media,Social Signal,,http://www.socialsignal.com/,,
Social Media,Stanford Social Innovation Review,,http://www.ssireview.org/opinion/,,
Social Media,VentureBlog,,http://www.ventureblog.com,,
Social Media,Bill Barnett on Competition ,,http://www.barnetttalks.com/,,
Sports,ESPN MLB Statistics,,http://baseball.espn.go.com/mlb/statistics,,
Sports,Baseball Guru: Historical Statistics,,http://baseballguru.com/bbdata1.html,,
Sports,Biz of Baseball,,http://bizofbaseball.com/,,
Sports,databaseFootball.com: Historical Statistics,,http://databasefootball.com/,,
Sports,Hockey Analytics,,http://hockeyanalytics.com/,,
Sports,Ken Pomeroy (College Basketball),,http://kenpom.com/,,
Sports,The Hot Hand in Sports ,Professor's Alan Reifman's blog on the study of sports streakiness,http://thehothand.blogspot.com/,,
Sports,Statistics in Sports,,http://www.amstat.org/sections/sis/,,
Sports,Baseball Almanac,,http://www.baseball-almanac.com/,,
Sports,The Baseball Archive,,http://www.baseball1.com/,,
Sports,Baseball America Executive Database,,http://www.baseballamerica.com/today/execdb/index.html,,
Sports,Biz of Hockey,,http://www.bizofhockey.com/,,
Sports,Football Outsiders: NFL Statistics,,http://www.footballoutsiders.com/stats/drivestats,,
Sports,The Business Of Baseball,,http://www.forbes.com/mlb/,,
Sports,The Business Of Basketball,,http://www.forbes.com/nba/,,
Sports,The Business Of Football,,http://www.forbes.com/nfl/,,
Sports,The Business Of Hockey,,http://www.forbes.com/nhl/,,
Sports,National Sporting Goods Association,,http://www.nsga.org/,,
Sports,Pro Football Reference.com,,http://www.pro-football-reference.com/,,
Sports,Society for American Baseball Research,,http://www.sabr.org/,,
Sports,Sportbusiness,,http://www.sportbusiness.com/,,
Sports,Street & Smith's Sports Business Daily,,http://www.sportsbusinessdaily.com/,,
Sports,The Sports Economist: Economic Commentary on Sport & Society,,http://www.thesportseconomist.com,,
Sports,The Equity in Athletics Data Analysis Cutting Tool,,http://ope.ed.gov/athletics/,,
Statistics ,Statistics and Indicators,Economic Commission for Latin America and the Caribbean,http://estadisticas.cepal.org/cepalstat/WEB_CEPALSTAT/estadisticasIndicadores.asp?idioma=i,,
Statistics ,United Nations ESCAP,,http://www.unescap.org/stat/data/,,
Statistics ,American Economic Association: Data,,http://www.aeaweb.org/rfe/showCat.php?cat_id=6,,
Statistics ,Statistics of U.S. Businesses and Nonemployer Statistics,,http://archive.sba.gov/advo/research/data.html,,
Statistics ,World Bank: Data & Research,,"http://econ.worldbank.org/WBSITE/EXTERNAL/EXTDEC/0,,menuPK:476823~pagePK:64165236~piPK:64165141~theSitePK:469372,00.html",,
Statistics ,Eurostat,,http://epp.eurostat.ec.europa.eu/portal/page/portal/statistics/search_database,,
Statistics ,American FactFinder, U.S. Census Bureau,http://factfinder2.census.gov/faces/nav/jsf/pages/index.xhtml,,
Statistics ,FAOSTAT,,http://faostat.fao.org/,,
Statistics ,Historical Statistical Abstracts of the U.S,Stanford users can access more ealier editions via HeinOnline http://www.heinonline.org/HOL/Index?index=usfed%2Fstatabs&collection=usfed,http://www.census.gov/compendia/statab/past_years.html,,
Statistics ,ILO LABORSTA,,http://laborsta.ilo.org/,,
Statistics ,State & County QuickFacts ,U.S. Census Bureau,http://quickfacts.census.gov/qfd/,,
Statistics ,Statistical Materials for Learning About Japan,,http://rnavi.ndl.go.jp/research_guide/statistical-materials-for-learning-about-japan/,,
Statistics ,World Bank: Privatization Data,,"http://web.worldbank.org/WBSITE/EXTERNAL/TOPICS/EXTFINANCIALSECTOR/0,,contentMDK:22936580~menuPK:7994350~pagePK:210058~piPK:210062~theSitePK:282885,00.html",,
Statistics ,African Economic Outlook,,http://www.africaneconomicoutlook.org/en/data-statistics/,,
Statistics ,Bay Area Census,,http://www.bayareacensus.ca.gov/,,
Statistics ,County Business Patterns ,U.S. Census Bureau,http://www.census.gov/econ/cbp/index.html,,
Statistics ,U.S. Census Bureau: Subjects A-Z ,U.S. Census Bureau,http://www.census.gov/main/www/a2z,,
Statistics ,International Data Base ,U.S. Census Bureau,http://www.census.gov/population/international/,,
Statistics ,Center For Global Development,,http://www.cgdev.org/initiative/commitment-development-index,,
Statistics ,Citymelt (map),,http://www.citymelt.com/,,
Statistics ,California Statistical Abstract,,http://www.dof.ca.gov/HTML/FS_DATA/STAT-ABS/Statistical_Abstract.php,,
Statistics ,Federal Reserve Board ,Statistics,http://www.federalreserve.gov/econresdata/statisticsdata.htm,,
Statistics ,Fedstats: One Stop Shopping for Federal Statistics,,http://www.fedstats.gov/,,
Statistics ,Gapminder,,http://www.gapminder.org/,,
Statistics ,International Monetary Fund,,http://www.imf.org/external/index.htm,,
Statistics ,European Union Statstics,,http://www.intute.ac.uk/cgi-bin/browse.pl?id=770000&gateway=%25,webpage not found,
Statistics ,Nation Master,,http://www.nationmaster.com/index.php,,
Statistics ,New Economy Index,,http://www.neweconomyindex.org/,,
Statistics ,Science & Engineering Statistics ,National Science Foundation. Includes R&D statistics in industry.,http://www.nsf.gov/statistics/,,
Statistics ,OECD Statistics,Stanford users: use OCED iLibrary http://www.gsb.stanford.edu/library/articles/databases/links/OECD.html,http://www.oecd.org/statistics/,,
Statistics ,OFFSTATS: Official Statistics on the Web,,http://www.offstats.auckland.ac.nz/,,
Statistics ,Population Reference Bureau,,http://www.prb.org/,,
Statistics ,Polls & Publications,,http://www.researchamerica.org/poll_summary,,
Statistics ,State Master: Statistics,,http://www.statemaster.com/statistics,,
Statistics ,UNESCO Institute for Statistics (UIS) ,,http://www.uis.unesco.org/Pages/default.aspx,,
Statistics ,White House Briefing Rooms,,http://www.whitehouse.gov/briefing-room/,,
Statistics ,Wolfram Alpha,,http://www.wolframalpha.com/,,
Statistics ,IPUMS-USA (Integrated Public Use Microdata Series) ,"Minnesota Population Center, Univ. of Minnesota. Includes historical U.S. Census data back to 1850.",https://usa.ipums.org/usa/,,
Statistics ,Gallup Worldview,,https://worldview.gallup.com/signin/login.aspx?ReturnUrl=%2f,,
Statistics ,"Statistics Bureau, Japan",,http://www.stat.go.jp/english/data/index.htm,,
Style Manuals,APA Formatting and Style Guide,"Online Writing Lab, Purdue U.",http://owl.english.purdue.edu/owl/resource/560/01/,,
Style Manuals,MLA Formatting and Style Guide,Purdue U.,http://owl.english.purdue.edu/owl/search.php,,
Style Manuals,Citing References in Your Paper,"The Writing Center, U Wisconsin-Madison. Includes sample citations in APSA, APA, CBE, Chicago, and MLA styles.",http://writing.wisc.edu/Handbook/Documentation.html,,
Style Manuals,APA Style: Electronic References,,http://www.apastyle.org/apa-style-help.aspx,,
Style Manuals,Citation Styles,"sample citations in APA, CBE, Chicago, MLA styles.",http://www.bedfordstmartins.com/Catalog/,,
Style Manuals,U.S. Government Printing Office Style Manual,,http://www.gpo.gov/fdsys/search/pagedetails.action?granuleId=&packageId=GPO-STYLEMANUAL-2008&fromBrowse=true,,
Sustainable Development,National Library for the Environment,,http://cnie.org/NLE/CRS/,,
Sustainable Development,Earth Trends: Environmental Information,,http://earthtrends.wri.org/,,
Sustainable Development,Ecopreneurist, (Blog),http://ecopreneurist.com/,,
Sustainable Development,Environmental Sustainability Index,,http://sedac.ciesin.columbia.edu/data/collection/esi/,,
Sustainable Development,Center for Small Business and the Environment,,http://www.aboutcsbe.org/,,
Sustainable Development,B Corporation,,http://www.bcorporation.net/,,
Sustainable Development,Green Pages,,http://www.eco-web.com/,,
Sustainable Development,Ecosystem Marketplace,,http://www.ecosystemmarketplace.com/,,
Sustainable Development,Eldis: Climate Change Resource Guide,,http://www.eldis.org/go/topics/resource-guides/climate-change#.UVEipFvwLbA,,
Sustainable Development,Electric Drive Transportation Association,,http://www.electricdrive.org/,,
Sustainable Development,Environmental News Network (ENN),,http://www.enn.com/,,
Sustainable Development,Environmental Protection Agency,,http://www.epa.gov/,,
Sustainable Development,Envirofacts ,EPA,http://www.epa.gov/enviro/,,
Sustainable Development,GreenBiz.com,,http://www.greenbiz.com/,,
Sustainable Development,Environmental Resources, UC Berkeley Library,http://www.lib.berkeley.edu/PUBL/environment.html,,
Sustainable Development,United Nations Environment Programme,,http://www.unep.ch/,,
Sustainable Development,International Environmental Technology Centre,,http://www.unep.org/ietc/,,
Sustainable Development,IFC Sustainability,,http://www1.ifc.org/wps/wcm/connect/Topics_Ext_Content/IFC_External_Corporate_Site/IFC+Sustainability,,
Sustainable Development,Carbon Disclosure Project,,https://www.cdproject.net/en-US/Pages/HomePage.aspx,,
Taxation,American Taxation Association,,http://aaahq.org/ata/index.htm,,
Taxation,Tax History ,includes presidential tax returns,http://taxhistory.tax.org,,
Taxation,IRS ,includes tax statistics,http://www.irs.ustreas.gov/,,
Taxation,Melissa Data,,http://www.melissadata.com/lookups/taxzip.asp,,
Taxation,Worldwide Tax summaries ,(requires free registration),http://www.pwc.com/extweb/pwcpublications.nsf/docid/9B2B76032544964C8525717E00606CBD,,
Taxation,FTA Links to State Tax Pages,,http://www.taxadmin.org,,
Taxation,Tax Foundation,,http://www.taxfoundation.org/taxdata/show/230.html,,
Taxation,California Franchise Tax Board,,https://www.ftb.ca.gov,,
Technology,Stanford Persuasive Tech Lab,,http://captology.stanford.edu,,
Technology,CIO.com,,http://www.cio.com,,
Technology,Computerworld: Topic Centers,,http://www.computerworld.com/topics/?source=nav_tab,,
Technology,The New York Times: Technology Sector,,http://markets.on.nytimes.com/research/markets/usmarkets/sectors.asp?sector=57,,
Technology,America's 25 Fastest-Growing Tech Companies - Forbes,,http://www.forbes.com/fdc/welcome_mjx.shtml,,
Technology,Technology CEO Council,,http://www.techceocouncil.org,,
Technology,Techmeme,,http://www.techmeme.com,,
Technology,Technology Review - MIT,,http://www.technologyreview.com,,
Technology,Technology News,Washington Post with Bloomberg,http://www.washingtonpost.com/wp-dyn/technology,,
Technology,ZD Net,,http://www.zdnet.com/,,
Technology,Federal Communications Commission,,http://www.fcc.gov,,
Technology,The New York Times: Telecommunications Services Sector,,http://markets.on.nytimes.com/research/markets/usmarkets/sectors.asp?sector=58,,
Transportation,Institute of Transportation Studies: Publications - U.C. Davis,,http://its.ucdavis.edu/publications/,,
Transportation,Telecommunications and Travel Behavior Research,,http://its.ucdavis.edu/telecom/,,
Transportation,U.S. Department of Transportation: Library,,http://ntl.bts.gov/,,
Transportation,Bureau of Transportation Statistics,,http://transtats.bts.gov/,,
Transportation,Transporation Research Board,,http://trid.trb.org,,
Transportation,Association of American Railroads: Statistics & Publications,,http://www.aar.org/StatisticsAndPublications.aspx,,
Transportation,American Public Transit Association,,http://www.apta.com/research/stats/,,
Transportation,PriceWaterhouse Coopers AUTOFACTS,,http://www.autofacts.com/,,
Transportation,Federal Aviation Administration,,http://www.faa.gov/data_research/,,
Transportation,Fedstats Transportation Statistics,,http://www.fedstats.gov/key_stats/index.php?markup=XHTML&amp;pageType=program&amp;id=transportation,,
Transportation,Federal Highway Administration,,http://www.fhwa.dot.gov/pubstats.html,,
Transportation,International Transport Forum,,http://www.internationaltransportforum.org/,,
Transportation,U.S. Dept. Of Commerce. Office of Automotive Affairs,,http://www.ita.doc.gov/td/auto/,,
Transportation,Metro Magazine,,http://www.metro-magazine.com/Resources.aspx,,
Transportation,National Transportation Safety Board (NTSB),,http://www.ntsb.gov,,
Travel,UNWTO: Statistics and Tourism Satellite Account,,http://statistics.unwto.org/en,,
Travel,ITA Office of Travel & Tourism Industries, includes statistics,http://tinet.ita.doc.gov,,
Travel,Global Business Travel Association,,http://www.gbta.org/Pages/default.aspx,,
Travel,Pacific Asia Travel Association,,http://www.pata.org,,
Travel,U.S. Travel Association: Research,,http://www.ustravel.org/research,,
VC & PE,2012 Wharton Private Equity Review: Uncovering Value ,,http://knowledge.wharton.upenn.edu/special_section.cfm?specialID=120,,
VC & PE,The Funded,,http://thefunded.com/,,
VC & PE,Alltop Venture Capital,,http://venturecapital.alltop.com/,,
VC & PE,Annual Statistical Review,Canadian Venture Capital Association,http://www.cvca.ca,,
VC & PE,DEMO,,http://www.demo.com/,,
VC & PE,Top 100 Venture Capital Firms,,http://www.entrepreneur.com/vc100,,
VC & PE,National Venture Capital Association,,http://www.nvca.org/,,
VC & PE,NetworkWorldFusion- Venture Capital Database,,http://www.nwfusion.com/bg/vc3/vc.jsp,,
VC & PE,PEdatabase.com,,http://www.pedatabase.com/,,
VC & PE,PriceWaterhouseCoopers MoneyTree Survey,,http://www.pwcmoneytree.com,,
VC & PE,International Financial Services London,,http://www.thecityuk.com/,,
VC & PE,Tornado-Insider.com,,http://www.tornado-insider.com/radar/,,
VC & PE,VentureOne,,http://www.ventureone.com/,,
VC & PE,vFinance.com,,http://www.vfinance.com/home.asp?ToolPage=home_home.asp,,
Video Games,DFC Intelligence,,http://www.dfcint.com/wp/?cat=4,,
Video Games,Industrygamers: Informing the Games Industry,,http://www.gamesindustry.biz/,,
Video Games,GameStats.com,,http://www.gamestats.com/,,
Video Games,Trend Report,Newzoo,http://www.newzoo.com/category/trend-reports/,,
Video Games,Video Game Revolution,PBS,http://www.pbs.org/kcts/videogamerevolution/,,
Working Papers,EconPapers (RePEc),,http://econpapers.repec.org,,
Working Papers,IMF,,http://ideas.repec.org/s/imf/imfwpa.html,,
Working Papers,MIT Sloan,,http://mitsloan.mit.edu/faculty/news/publications.php?type=W,,
Working Papers,NetEc,,http://netec.wustl.edu/NetEc.html,,
Working Papers,CiteULike,,http://www.citeulike.org,,
Working Papers,Federal Reserve Board,,http://www.federalreserve.gov/econresdata/workingpapers.htm,,
Working Papers,HBS papers,,http://www.hbs.edu/faculty/Pages/search.aspx?ct=Working%20Papers&mclickorder=ct:,,
Working Papers,Listing of working papers,,http://www.loc.gov/rr/business/techreps/techrepshome.php,,
Working Papers,NBER,,http://www.nber.org/pubs.html#papers,,
Working Papers,OECD: Working Papers,,http://www.oecd.org/unitedstates/publicationsdocuments/workingpapers/,,
Working Papers,Social Science Research Network (SSRN),"The SSRN eLibrary consists of two parts: an Abstract Database containing abstracts on 436,900+ working papers and an Electronic Paper Collection with 351,300+ downloadable full-text documents. Also includes papers from Fee Based Partner Publications.",http://www.ssrn.com/,,
Working Papers,GSB Research Papers,review abstracts and download selected full-text of papers written by Stanford GSB faculty from 1990 to present.,https://gsbapps.stanford.edu/researchpapers/,,